Aardvark Clear Mine Ltd,01-6729000,01-8729000,6100000
sAB Connectors Ltd,01-6729001,01-8729001,6100001
AB Electronics Assemblies,01-6729002,01-8729002,6100002
TT electronicsAB Hose & Fittings Ltd,01-6729003,01-8729003,6100003
AB Precision (Poole) Ltd,01-6729004,01-8729004,61000004
Abacus Lighting Ltd,01-6729005,01-8729005,6100005
Abbey Hose Co Ltd,01-6729006,01-8729006,6100006
Abbot Brown & Sons Ltd,01-6729007,01-8729007,6100007
GSM Graphic Arts LtdAbbott & Co (Newark) Ltd,01-6729008,01-8729008,6100008
ABI Electronics Ltd,01-6729009,01-8729009,6100009
B.O.B. Stevenson ,01-6729010,01-8729010,6100010
B.Safe Driver Training Ltd,01-6729011,01-8729011,6100011
Babcock Design and Technology,01-6729012,01-8729012,6100012
Babcock Integrated Technology,01-6729013,01-8729013,6100013
Babcock International Group,01-6729014,01-8729014,6100014
Babcock Marine,01-6729015,01-8729015,6100015
Bache Pallets Ltd,01-6729016,01-8729016,6100016
Canberra UK Ltd,01-6729017,01-8729017,6100017
Candeo Vision (UK) Ltd,01-6729018,01-8729018,6100018
Canland UK (Hot Pack) Ltd,01-6729019,01-8729019,6100019
Capalex,01-6729020,01-8729020,6100020
Capital Aluminium Extrusions,01-6729021,01-8729021,6100021
Caparo Dynamics,01-6729022,01-8729022,6100022
Caparo Testing Technologies,01-6729023,01-8729023,610003
CAPCIS Ltd,01-6729024,01-8729024,6100024
Intertek-CAPCISCape Warwick Ltd,01-6729025,01-8729025,6100025
Capital Aluminium Extrusions,01-6729026,01-8729026,6100026
Capital Controls Ltd,01-6729027,01-8729027,6100027
Severn Trent Services Ltd,01-6729028,01-8729028,6100028
Capital International Staffing Ltd,01-6729029,01-8729029,6100029
Dales Power Solutions Ltd,01-6729030,01-8729030,6100030
Dana Corporation,01-6729031,01-8729031,6100031
Daniamant Ltd,01-6729032,01-8729032,6100032
Edgar Brothers,01-6729033,01-8729033,6100033
Edge Enviro Services Ltd,01-6729034,01-8729034,6100034
The Edge Picture Co Ltd,01-6729035,01-8729035,6100035
Faldingworth Defence Ltd,01-6729036,01-8729036,6100036
Falon Nameplates Ltd,01-6729037,01-8729037,6100037
Far-Side Marketing Ltd,01-6729038,01-8729038,6100038
G & J Logistics Ltd,01-6729039,01-8729039,6100039
G & M Power Plant Ltd,01-6729040,01-8729040,6100040
Hawkmoor Ltd,01-6729041,01-8729041,6100041
Heckler & Koch,01-6729042,01-8729042,6100042
IA Technology Ltd,01-6729043,01-8729043,6100043
IB Industries,01-6729044,01-8729044,6100044
ICA Solutions Ltd,01-6729046,01-8729046,6100045
Icon Polymer Ltd,01-6729047,01-8729047,6100046
Jacksons Fencing,01-6729048,01-8729048,6100047
Jactron,01-6729049,01-8729049,6100049
Jack Ellis Body Protection,01-672905001-8729050,6100050
K2 Analysis Ltd,01-6729051,018729051,6100051
Kaba Ltd,01-6729052,01-8729052,6100052
Laerdal Medical Ltd,01-6729053,01-8729053,6100053
Law Enforcement International Ltd,01-6729054,01-8729054,6100054
MacTaggart, Scott & Company Ltd,01-6729055,01-8729055,6100055
Magnum,01-6729056,01-8729056,6100056
Nazeing Glass Works Ltd,01-6729057,01-8729057,6100057
NB Metals Ltd,01-6729058,01-8729058,6100058
NBT Ltd,01-6729059,01-8729059,6100059
Oakenhurst Aircraft Services Ltd,01-6729060,01-8729060,6100060
Oakes Eddon Limited,01-6729061,01-8729061,6100061
P & R Hydraulics Ltd,01-6729062,01-8729062,6100062
P & R Labpak Ltd,01-6729063,01-8729063,6100063
QAD Networks Ltd,01-6729064,01-8729064,6100064
QCL Ltd,01-67290065,01-8729065,6100065
Rack International,01-6729066,01-8729066,6100066
Racks Industries Ltd,01-6729067,01-8729067,6100067
S.Com (Defence Division),01-6729068,01-8729068,6100068
S.E.P Clyde see Clyde Fasteners Ltd,01-6729069,01-8729069,6100069
S2S Electronics Ltd,01-6729070,01-8729070,6100070
Tactek Services Ltd,01-6729071,01-8729071,6100071
Tactical Coatings,01-6729072,01-8729072,6100072
UK National Codification Bureau,01-6729073,01-8729073,6100073
UK Racing Castings,01-6729074,01-8729074,6100074
Vacuum Reflex,01-6729075,01-8729075,6100075
Vados Systems,01-6729076,01-8729076,6100076
Wall to Wall Communications Ltd,01-6729077,01-8729077,6100077
Wallis Autogyros,01-6729078,01-8729078,6100078
XJTAG,01-6729079,01-8729079,6100079
Xpedite Group of Companies Ltd,01-6729080,01-8729080,6100080
XPI Simulation Ltd,01-6729081,01-8729081,6100081
XRE Ltd,01-6729082,01-8729082,6100082
Yarl Hydracentre Ltd,01-6729083,01-8729083,6100083
YF Furniture Ltd,01-6729084,01-8729084,6100084
Zareba Security,01-6729085,01-8729085,6100085
Zarges (UK) Ltd,01-6729086,01-8729086,6100086
Zaun Ltd,01-6729087,01-8729087,6100087
Zaggora,01-6729088,01-8729088,6100088
Quinn,01-6729089,01-8729089,6100089
FakeCompany,01-6729090,01-8729090,6100090
Dunnes Stores,01-6729091,01-8729091,6100091
Tom Duffy Architects,01-6729092,01-8729092,6100092
IIPMM,01-6729093,01-8729093,6100093
ABBA Ltd,01-6729094,01-8729094,6100094
Ciroco Ltd,01-6729095,01-8729095,6100095
TPSA,01-6729096,01-8729096,6100096
Cineworld Ltd,01-6729097,01-8729097,6100097
Tesco,01-6729098,01-8729098,6100098
Lidl,01-6729099,01-8729099,6100099
Vogue,01-6729100,01-8729100,6100100
PAbbot Brown & Sons Ltd,01-6729200,01-8729200,6109200,
OG & J Logistics Ltd,01-6729200,01-8729200,6109200,
NABBA Ltd,01-6729200,01-8729200,6109200,
SB.Safe Driver Training Ltd,01-6729200,01-8729200,6109200,
GTesco,01-6729200,01-8729200,6109200,
UCaparo Dynamics,01-6729200,01-8729200,6109200,
QFaldingworth Defence Ltd,01-6729200,01-8729200,6109200,
Babcock International Group,01-6729200,01-8729200,6109200,
YSevern Trent Services Ltd,01-6729200,01-8729200,6109200,
PCapital Aluminium Extrusions,01-6729200,01-8729200,6109200,
GMagnum,01-6729200,01-8729200,6109200,
LLidl,01-6729200,01-8729200,6109200,
ZZareba Security,01-6729200,01-8729200,6109200,
EYarl Hydracentre Ltd,01-6729200,01-8729200,6109200,
ECapalex,01-6729200,01-8729200,6109200,
IIntertek-CAPCISCape Warwick Ltd,01-6729200,01-8729200,6109200,
RLaw Enforcement International Ltd,01-6729200,01-8729200,6109200,
MDana Corporation,01-6729200,01-8729200,6109200,
HUK Racing Castings,01-6729200,01-8729200,6109200,
MAbbey Hose Co Ltd,01-6729200,01-8729200,6109200,
VDana Corporation,01-6729200,01-8729200,6109200,
POakes Eddon Limited,01-6729200,01-8729200,6109200,
ITesco,01-6729200,01-8729200,6109200,
ZQuinn,01-6729200,01-8729200,6109200,
ZIntertek-CAPCISCape Warwick Ltd,01-6729200,01-8729200,6109200,
LVacuum Reflex,01-6729200,01-8729200,6109200,
NICA Solutions Ltd,01-6729200,01-8729200,6109200,
GLaerdal Medical Ltd,01-6729200,01-8729200,6109200,
PCineworld Ltd,01-6729200,01-8729200,6109200,
RNazeing Glass Works Ltd,01-6729200,01-8729200,6109200,
AOakenhurst Aircraft Services Ltd,01-6729200,01-8729200,6109200,
PBabcock Marine,01-6729200,01-8729200,6109200,
BTactical Coatings,01-6729200,01-8729200,6109200,
FDaniamant Ltd,01-6729200,01-8729200,6109200,
ACandeo Vision (UK) Ltd,01-6729200,01-8729200,6109200,
LTom Duffy Architects,01-6729200,01-8729200,6109200,
BBabcock International Group,01-6729200,01-8729200,6109200,
LCanberra UK Ltd,01-6729200,01-8729200,6109200,
XCapital Aluminium Extrusions,01-6729200,01-8729200,6109200,
HQCL Ltd,01-6729200,01-8729200,6109200,
RYarl Hydracentre Ltd,01-6729200,01-8729200,6109200,
UDunnes Stores,01-6729200,01-8729200,6109200,
BTesco,01-6729200,01-8729200,6109200,
SFaldingworth Defence Ltd,01-6729200,01-8729200,6109200,
GZaggora,01-6729200,01-8729200,6109200,
WVogue,01-6729200,01-8729200,6109200,
XCineworld Ltd,01-6729200,01-8729200,6109200,
QABI Electronics Ltd,01-6729200,01-8729200,6109200,
YUK National Codification Bureau,01-6729200,01-8729200,6109200,
XAardvark Clear Mine Ltd,01-6729200,01-8729200,6109200,
BMacTaggart,01-6729200,01-8729200,6109200,
ZXJTAG,01-6729200,01-8729200,6109200,
NCanberra UK Ltd,01-6729200,01-8729200,6109200,
YQCL Ltd,01-6729200,01-8729200,6109200,
FQuinn,01-6729200,01-8729200,6109200,
GAbbey Hose Co Ltd,01-6729200,01-8729200,6109200,
SP & R Hydraulics Ltd,01-6729200,01-8729200,6109200,
VUK Racing Castings,01-6729200,01-8729200,6109200,
SLaw Enforcement International Ltd,01-6729200,01-8729200,6109200,
PZarges (UK) Ltd,01-6729200,01-8729200,6109200,
ONB Metals Ltd,01-6729200,01-8729200,6109200,
FDaniamant Ltd,01-6729200,01-8729200,6109200,
MLidl,01-6729200,01-8729200,6109200,
XIcon Polymer Ltd,01-6729200,01-8729200,6109200,
PBabcock Marine,01-6729200,01-8729200,6109200,
SLaerdal Medical Ltd,01-6729200,01-8729200,6109200,
PG & J Logistics Ltd,01-6729200,01-8729200,6109200,
EQAD Networks Ltd,01-6729200,01-8729200,6109200,
SXJTAG,01-6729200,01-8729200,6109200,
JIB Industries,01-6729200,01-8729200,6109200,
PICA Solutions Ltd,01-6729200,01-8729200,6109200,
UIB Industries,01-6729200,01-8729200,6109200,
XFalon Nameplates Ltd,01-6729200,01-8729200,6109200,
KCandeo Vision (UK) Ltd,01-6729200,01-8729200,6109200,
GTactical Coatings,01-6729200,01-8729200,6109200,
SJactron,01-6729200,01-8729200,6109200,
KZaggora,01-6729200,01-8729200,6109200,
QBabcock Design and Technology,01-6729200,01-8729200,6109200,
TJactron,01-6729200,01-8729200,6109200,
SXRE Ltd,01-6729200,01-8729200,6109200,
AMagnum,01-6729200,01-8729200,6109200,
LP & R Hydraulics Ltd,01-6729200,01-8729200,6109200,
EXRE Ltd,01-6729200,01-8729200,6109200,
LAB Precision (Poole) Ltd,01-6729200,01-8729200,6109200,
MTT electronicsAB Hose & Fittings Ltd,01-6729200,01-8729200,6109200,
DSevern Trent Services Ltd,01-6729200,01-8729200,6109200,
TJacksons Fencing,01-6729200,01-8729200,6109200,
JLaw Enforcement International Ltd,01-6729200,01-8729200,6109200,
MMacTaggart,01-6729200,01-8729200,6109200,
UK Racing Castings,01-6729200,01-8729200,6109200,
TXPI Simulation Ltd,01-6729200,01-8729200,6109200,
XDunnes Stores,01-6729200,01-8729200,6109200,
LBabcock Marine,01-6729200,01-8729200,6109200,
DBabcock Integrated Technology,01-6729200,01-8729200,6109200,
QsAB Connectors Ltd,01-6729200,01-8729200,6109200,
KFaldingworth Defence Ltd,01-6729200,01-8729200,6109200,
YWall to Wall Communications Ltd,01-6729200,01-8729200,6109200,
SVogue,01-6729200,01-8729200,6109200,
RAB Precision (Poole) Ltd,01-6729200,01-8729200,6109200,
KITV,01-6729200,01-8729200,6109200,
TP & R Labpak Ltd,01-6729200,01-8729200,6109200,
SIcon Polymer Ltd,01-6729200,01-8729200,6109200,
TTesco,01-6729200,01-8729200,6109200,
SABBA Ltd,01-6729200,01-8729200,6109200,
ELaw Enforcement International Ltd,01-6729200,01-8729200,6109200,
BAB Precision (Poole) Ltd,01-6729200,01-8729200,6109200,
DWallis Autogyros,01-6729200,01-8729200,6109200,
GJactron,01-6729200,01-8729200,6109200,
SBache Pallets Ltd,01-6729200,01-8729200,6109200,
GIcon Polymer Ltd,01-6729200,01-8729200,6109200,
VK2 Analysis Ltd,01-6729200,01-8729200,6109200,
ICapital Aluminium Extrusions,01-6729200,01-8729200,6109200,
FTactical Coatings,01-6729200,01-8729200,6109200,
LThe Edge Picture Co Ltd,01-6729200,01-8729200,6109200,
TB.O.B. Stevenson,01-6729200,01-8729200,6109200,
HVacuum Reflex,01-6729200,01-8729200,6109200,
BVados Systems,01-6729200,01-8729200,6109200,
UTactek Services Ltd,01-6729200,01-8729200,6109200,
QP & R Labpak Ltd,01-6729200,01-8729200,6109200,
XKaba Ltd,01-6729200,01-8729200,6109200,
NCanland UK (Hot Pack) Ltd,01-6729200,01-8729200,6109200,
DAbbey Hose Co Ltd,01-6729200,01-8729200,6109200,
ES.Com (Defence Division),01-6729200,01-8729200,6109200,
VCanland UK (Hot Pack) Ltd,01-6729200,01-8729200,6109200,
VUK Racing Castings,01-6729200,01-8729200,6109200,
CXJTAG,01-6729200,01-8729200,6109200,
COakes Eddon Limited,01-6729200,01-8729200,6109200,
REdge Enviro Services Ltd,01-6729200,01-8729200,6109200,
TS.Com (Defence Division),01-6729200,01-8729200,6109200,
TAB Precision (Poole) Ltd,01-6729200,01-8729200,6109200,
CFalon Nameplates Ltd,01-6729200,01-8729200,6109200,
ICapital Aluminium Extrusions,01-6729200,01-8729200,6109200,
BBabcock Design and Technology,01-6729200,01-8729200,6109200,
VBabcock International Group,01-6729200,01-8729200,6109200,
ZAbbot Brown & Sons Ltd,01-6729200,01-8729200,6109200,
PIcon Polymer Ltd,01-6729200,01-8729200,6109200,
HB.O.B. Stevenson,01-6729200,01-8729200,6109200,
OCandeo Vision (UK) Ltd,01-6729200,01-8729200,6109200,
ZJacksons Fencing,01-6729200,01-8729200,6109200,
FG & M Power Plant Ltd,01-6729200,01-8729200,6109200,
ONazeing Glass Works Ltd,01-6729200,01-8729200,6109200,
MS.Com (Defence Division),01-6729200,01-8729200,6109200,
CZaggora,01-6729200,01-8729200,6109200,
YBabcock Marine,01-6729200,01-8729200,6109200,
HAbbey Hose Co Ltd,01-6729200,01-8729200,6109200,
MG & J Logistics Ltd,01-6729200,01-8729200,6109200,
UGSM Graphic Arts LtdAbbott & Co (Newark) Ltd,01-6729200,01-8729200,6109200,
SsAB Connectors Ltd,01-6729200,01-8729200,6109200,
GITV,01-6729200,01-8729200,6109200,
CXPI Simulation Ltd,01-6729200,01-8729200,6109200,
HJacksons Fencing,01-6729200,01-8729200,6109200,
EOakenhurst Aircraft Services Ltd,01-6729200,01-8729200,6109200,
MFalon Nameplates Ltd,01-6729200,01-8729200,6109200,
VNBT Ltd,01-6729200,01-8729200,6109200,
MZaggora,01-6729200,01-8729200,6109200,
EMacTaggart,01-6729200,01-8729200,6109200,
VLaw Enforcement International Ltd,01-6729200,01-8729200,6109200,
JMagnum,01-6729200,01-8729200,6109200,
UCineworld Ltd,01-6729200,01-8729200,6109200,
AMacTaggart,01-6729200,01-8729200,6109200,
ACandeo Vision (UK) Ltd,01-6729200,01-8729200,6109200,
NDaniamant Ltd,01-6729200,01-8729200,6109200,
ICapital International Staffing Ltd,01-6729200,01-8729200,6109200,
GWallis Autogyros,01-6729200,01-8729200,6109200,
LB.O.B. Stevenson,01-6729200,01-8729200,6109200,
WNBT Ltd,01-6729200,01-8729200,6109200,
RFar-Side Marketing Ltd,01-6729200,01-8729200,6109200,
UQAD Networks Ltd,01-6729200,01-8729200,6109200,
EAbacus Lighting Ltd,01-6729200,01-8729200,6109200,
QMagnum,01-6729200,01-8729200,6109200,
Hawkmoor Ltd,01-6729200,01-8729200,6109200,
KBabcock Marine,01-6729200,01-8729200,6109200,
PAB Precision (Poole) Ltd,01-6729200,01-8729200,6109200,
GTT electronicsAB Hose & Fittings Ltd,01-6729200,01-8729200,6109200,
Cineworld Ltd,01-6729200,01-8729200,6109200,
VDana Corporation,01-6729200,01-8729200,6109200,
QBache Pallets Ltd,01-6729200,01-8729200,6109200,
EIB Industries,01-6729200,01-8729200,6109200,
EDaniamant Ltd,01-6729200,01-8729200,6109200,
XG & J Logistics Ltd,01-6729200,01-8729200,6109200,
YXJTAG,01-6729200,01-8729200,6109200,
UAB Electronics Assemblies,01-6729200,01-8729200,6109200,
KNazeing Glass Works Ltd,01-6729200,01-8729200,6109200,
UYarl Hydracentre Ltd,01-6729200,01-8729200,6109200,
ZG & J Logistics Ltd,01-6729200,01-8729200,6109200,
FThe Edge Picture Co Ltd,01-6729200,01-8729200,6109200,
RQAD Networks Ltd,01-6729200,01-8729200,6109200,
IYF Furniture Ltd,01-6729200,01-8729200,6109200,
RCiroco Ltd,01-6729200,01-8729200,6109200,
ODaniamant Ltd,01-6729200,01-8729200,6109200,
IRacks Industries Ltd,01-6729200,01-8729200,6109200,
TDaniamant Ltd,01-6729200,01-8729200,6109200,
BCandeo Vision (UK) Ltd,01-6729200,01-8729200,6109200,
PCAPCIS Ltd,01-6729200,01-8729200,6109200,
GHawkmoor Ltd,01-6729200,01-8729200,6109200,
ZIA Technology Ltd,01-6729200,01-8729200,6109200,
OB.Safe Driver Training Ltd,01-6729200,01-8729200,6109200,
OCapalex,01-6729200,01-8729200,6109200,
Far-Side Marketing Ltd,01-6729200,01-8729200,6109200,
MB.Safe Driver Training Ltd,01-6729200,01-8729200,6109200,
NTT electronicsAB Hose & Fittings Ltd,01-6729200,01-8729200,6109200,
BB.O.B. Stevenson,01-6729200,01-8729200,6109200,
UTactical Coatings,01-6729200,01-8729200,6109200,
GFaldingworth Defence Ltd,01-6729200,01-8729200,6109200,
Intertek-CAPCISCape Warwick Ltd,01-6729200,01-8729200,6109200,
EQuinn,01-6729200,01-8729200,6109200,
BAbbey Hose Co Ltd,01-6729200,01-8729200,6109200,
TVogue,01-6729200,01-8729200,6109200,
GNazeing Glass Works Ltd,01-6729200,01-8729200,6109200,
MS.Com (Defence Division),01-6729200,01-8729200,6109200,
ZFakeCompany,01-6729200,01-8729200,6109200,
HTactek Services Ltd,01-6729200,01-8729200,6109200,
UB.O.B. Stevenson,01-6729200,01-8729200,6109200,
TAB Precision (Poole) Ltd,01-6729200,01-8729200,6109200,
AVados Systems,01-6729200,01-8729200,6109200,
TBabcock International Group,01-6729200,01-8729200,6109200,
UJacksons Fencing,01-6729200,01-8729200,6109200,
MCapital Controls Ltd,01-6729200,01-8729200,6109200,
BZareba Security,01-6729200,01-8729200,6109200,
RNB Metals Ltd,01-6729200,01-8729200,6109200,
EB.O.B. Stevenson,01-6729200,01-8729200,6109200,
TMacTaggart,01-6729200,01-8729200,6109200,
HKaba Ltd,01-6729200,01-8729200,6109200,
LXRE Ltd,01-6729200,01-8729200,6109200,
XRE Ltd,01-6729200,01-8729200,6109200,
DWallis Autogyros,01-6729200,01-8729200,6109200,
QGSM Graphic Arts LtdAbbott & Co (Newark) Ltd,01-6729200,01-8729200,6109200,
XABI Electronics Ltd,01-6729200,01-8729200,6109200,
HCapalex,01-6729200,01-8729200,6109200,
WAbbey Hose Co Ltd,01-6729200,01-8729200,6109200,
HWall to Wall Communications Ltd,01-6729200,01-8729200,6109200,
RTom Duffy Architects,01-6729200,01-8729200,6109200,
IAB Electronics Assemblies,01-6729200,01-8729200,6109200,
IUK National Codification Bureau,01-6729200,01-8729200,6109200,
VVogue,01-6729200,01-8729200,6109200,
SDales Power Solutions Ltd,01-6729200,01-8729200,6109200,
OIB Industries,01-6729200,01-8729200,6109200,
ICaparo Dynamics,01-6729200,01-8729200,6109200,
MGSM Graphic Arts LtdAbbott & Co (Newark) Ltd,01-6729200,01-8729200,6109200,
sAB Connectors Ltd,01-6729200,01-8729200,6109200,
VYarl Hydracentre Ltd,01-6729200,01-8729200,6109200,
JXPI Simulation Ltd,01-6729200,01-8729200,6109200,
WICA Solutions Ltd,01-6729200,01-8729200,6109200,
ZZarges (UK) Ltd,01-6729200,01-8729200,6109200,
JLidl,01-6729200,01-8729200,6109200,
KZaggora,01-6729200,01-8729200,6109200,
SAbbot Brown & Sons Ltd,01-6729200,01-8729200,6109200,
OLaerdal Medical Ltd,01-6729200,01-8729200,6109200,
HThe Edge Picture Co Ltd,01-6729200,01-8729200,6109200,
OFar-Side Marketing Ltd,01-6729200,01-8729200,6109200,
UAbbot Brown & Sons Ltd,01-6729200,01-8729200,6109200,
UQuinn,01-6729200,01-8729200,6109200,
KTT electronicsAB Hose & Fittings Ltd,01-6729200,01-8729200,6109200,
WFalon Nameplates Ltd,01-6729200,01-8729200,6109200,
UQCL Ltd,01-6729200,01-8729200,6109200,
GP & R Labpak Ltd,01-6729200,01-8729200,6109200,
KNazeing Glass Works Ltd,01-6729200,01-8729200,6109200,
AJack Ellis Body Protection,01-6729200,01-8729200,6109200,
Jack Ellis Body Protection,01-6729200,01-8729200,6109200,
XCapital Aluminium Extrusions,01-6729200,01-8729200,6109200,
SAardvark Clear Mine Ltd,01-6729200,01-8729200,6109200,
DBache Pallets Ltd,01-6729200,01-8729200,6109200,
CABI Electronics Ltd,01-6729200,01-8729200,6109200,
JCapital Aluminium Extrusions,01-6729200,01-8729200,6109200,
AIIPMM,01-6729200,01-8729200,6109200,
SsAB Connectors Ltd,01-6729200,01-8729200,6109200,
WDana Corporation,01-6729200,01-8729200,6109200,
ACanberra UK Ltd,01-6729200,01-8729200,6109200,
GABBA Ltd,01-6729200,01-8729200,6109200,
PMagnum,01-6729200,01-8729200,6109200,
ZK2 Analysis Ltd,01-6729200,01-8729200,6109200,
MTactek Services Ltd,01-6729200,01-8729200,6109200,
TCanberra UK Ltd,01-6729200,01-8729200,6109200,
ACapalex,01-6729200,01-8729200,6109200,
SsAB Connectors Ltd,01-6729200,01-8729200,6109200,
PEdge Enviro Services Ltd,01-6729200,01-8729200,6109200,
MG & J Logistics Ltd,01-6729200,01-8729200,6109200,
LQCL Ltd,01-6729200,01-8729200,6109200,
LB.Safe Driver Training Ltd,01-6729200,01-8729200,6109200,
KICA Solutions Ltd,01-6729200,01-8729200,6109200,
CQuinn,01-6729200,01-8729200,6109200,
MacTaggart,01-6729200,01-8729200,6109200,
ZITV,01-6729200,01-8729200,6109200,
JIntertek-CAPCISCape Warwick Ltd,01-6729200,01-8729200,6109200,
EICA Solutions Ltd,01-6729200,01-8729200,6109200,
KCaparo Testing Technologies,01-6729200,01-8729200,6109200,
GB.Safe Driver Training Ltd,01-6729200,01-8729200,6109200,
YZaun Ltd,01-6729200,01-8729200,6109200,
ZsAB Connectors Ltd,01-6729200,01-8729200,6109200,
VMagnum,01-6729200,01-8729200,6109200,
AWallis Autogyros,01-6729200,01-8729200,6109200,
VCiroco Ltd,01-6729200,01-8729200,6109200,
HYF Furniture Ltd,01-6729200,01-8729200,6109200,
GXpedite Group of Companies Ltd,01-6729200,01-8729200,6109200,
YDales Power Solutions Ltd,01-6729200,01-8729200,6109200,
NB Metals Ltd,01-6729200,01-8729200,6109200,
TQuinn,01-6729200,01-8729200,6109200,
VIntertek-CAPCISCape Warwick Ltd,01-6729200,01-8729200,6109200,
FAB Precision (Poole) Ltd,01-6729200,01-8729200,6109200,
XCiroco Ltd,01-6729200,01-8729200,6109200,
Jack Ellis Body Protection,01-6729200,01-8729200,6109200,
ZTT electronicsAB Hose & Fittings Ltd,01-6729200,01-8729200,6109200,
BBabcock Integrated Technology,01-6729200,01-8729200,6109200,
GDana Corporation,01-6729200,01-8729200,6109200,
DZareba Security,01-6729200,01-8729200,6109200,
QCL Ltd,01-6729200,01-8729200,6109200,
EFar-Side Marketing Ltd,01-6729200,01-8729200,6109200,
RS2S Electronics Ltd,01-6729200,01-8729200,6109200,
QIB Industries,01-6729200,01-8729200,6109200,
YCandeo Vision (UK) Ltd,01-6729200,01-8729200,6109200,
NG & J Logistics Ltd,01-6729200,01-8729200,6109200,
Kaba Ltd,01-6729200,01-8729200,6109200,
JRack International,01-6729200,01-8729200,6109200,
NCanberra UK Ltd,01-6729200,01-8729200,6109200,
ULaerdal Medical Ltd,01-6729200,01-8729200,6109200,
WNB Metals Ltd,01-6729200,01-8729200,6109200,
GXRE Ltd,01-6729200,01-8729200,6109200,
IEdge Enviro Services Ltd,01-6729200,01-8729200,6109200,
NWallis Autogyros,01-6729200,01-8729200,6109200,
XThe Edge Picture Co Ltd,01-6729200,01-8729200,6109200,
VYF Furniture Ltd,01-6729200,01-8729200,6109200,
SIA Technology Ltd,01-6729200,01-8729200,6109200,
ABI Electronics Ltd,01-6729200,01-8729200,6109200,
ILaw Enforcement International Ltd,01-6729200,01-8729200,6109200,
DABI Electronics Ltd,01-6729200,01-8729200,6109200,
AK2 Analysis Ltd,01-6729200,01-8729200,6109200,
DHawkmoor Ltd,01-6729200,01-8729200,6109200,
DJacksons Fencing,01-6729200,01-8729200,6109200,
FDunnes Stores,01-6729200,01-8729200,6109200,
KDana Corporation,01-6729200,01-8729200,6109200,
BCapital International Staffing Ltd,01-6729200,01-8729200,6109200,
VDana Corporation,01-6729200,01-8729200,6109200,
YAbacus Lighting Ltd,01-6729200,01-8729200,6109200,
PCandeo Vision (UK) Ltd,01-6729200,01-8729200,6109200,
IAardvark Clear Mine Ltd,01-6729200,01-8729200,6109200,
DTom Duffy Architects,01-6729200,01-8729200,6109200,
WIntertek-CAPCISCape Warwick Ltd,01-6729200,01-8729200,6109200,
JYF Furniture Ltd,01-6729200,01-8729200,6109200,
WXpedite Group of Companies Ltd,01-6729200,01-8729200,6109200,
YTactek Services Ltd,01-6729200,01-8729200,6109200,
XLaw Enforcement International Ltd,01-6729200,01-8729200,6109200,
QSevern Trent Services Ltd,01-6729200,01-8729200,6109200,
MFaldingworth Defence Ltd,01-6729200,01-8729200,6109200,
LJack Ellis Body Protection,01-6729200,01-8729200,6109200,
WTT electronicsAB Hose & Fittings Ltd,01-6729200,01-8729200,6109200,
Babcock Marine,01-6729200,01-8729200,6109200,
GS.E.P Clyde see Clyde Fasteners Ltd,01-6729200,01-8729200,6109200,
IIntertek-CAPCISCape Warwick Ltd,01-6729200,01-8729200,6109200,
SCineworld Ltd,01-6729200,01-8729200,6109200,
DS.E.P Clyde see Clyde Fasteners Ltd,01-6729200,01-8729200,6109200,
XCiroco Ltd,01-6729200,01-8729200,6109200,
Canberra UK Ltd,01-6729200,01-8729200,6109200,
BFalon Nameplates Ltd,01-6729200,01-8729200,6109200,
HRack International,01-6729200,01-8729200,6109200,
VTom Duffy Architects,01-6729200,01-8729200,6109200,
AB.O.B. Stevenson,01-6729200,01-8729200,6109200,
UTPSA,01-6729200,01-8729200,6109200,
GIntertek-CAPCISCape Warwick Ltd,01-6729200,01-8729200,6109200,
KJactron,01-6729200,01-8729200,6109200,
KLaerdal Medical Ltd,01-6729200,01-8729200,6109200,
GWallis Autogyros,01-6729200,01-8729200,6109200,
HJacksons Fencing,01-6729200,01-8729200,6109200,
FFar-Side Marketing Ltd,01-6729200,01-8729200,6109200,
OP & R Labpak Ltd,01-6729200,01-8729200,6109200,
ZS.Com (Defence Division),01-6729200,01-8729200,6109200,
OCapital Aluminium Extrusions,01-6729200,01-8729200,6109200,
TWall to Wall Communications Ltd,01-6729200,01-8729200,6109200,
IWallis Autogyros,01-6729200,01-8729200,6109200,
PZareba Security,01-6729200,01-8729200,6109200,
QIIPMM,01-6729200,01-8729200,6109200,
VK2 Analysis Ltd,01-6729200,01-8729200,6109200,
TXpedite Group of Companies Ltd,01-6729200,01-8729200,6109200,
URack International,01-6729200,01-8729200,6109200,
GBabcock Design and Technology,01-6729200,01-8729200,6109200,
LZaun Ltd,01-6729200,01-8729200,6109200,
CRacks Industries Ltd,01-6729200,01-8729200,6109200,
SAbbot Brown & Sons Ltd,01-6729200,01-8729200,6109200,
GThe Edge Picture Co Ltd,01-6729200,01-8729200,6109200,
BIB Industries,01-6729200,01-8729200,6109200,
MAB Precision (Poole) Ltd,01-6729200,01-8729200,6109200,
CEdge Enviro Services Ltd,01-6729200,01-8729200,6109200,
Wallis Autogyros,01-6729200,01-8729200,6109200,
UCaparo Testing Technologies,01-6729200,01-8729200,6109200,
QCapital Aluminium Extrusions,01-6729200,01-8729200,6109200,
DICA Solutions Ltd,01-6729200,01-8729200,6109200,
CDaniamant Ltd,01-6729200,01-8729200,6109200,
DKaba Ltd,01-6729200,01-8729200,6109200,
KQuinn,01-6729200,01-8729200,6109200,
XUK National Codification Bureau,01-6729200,01-8729200,6109200,
TDana Corporation,01-6729200,01-8729200,6109200,
ODunnes Stores,01-6729200,01-8729200,6109200,
CP & R Labpak Ltd,01-6729200,01-8729200,6109200,
ICaparo Testing Technologies,01-6729200,01-8729200,6109200,
IEdge Enviro Services Ltd,01-6729200,01-8729200,6109200,
HCapital Controls Ltd,01-6729200,01-8729200,6109200,
BK2 Analysis Ltd,01-6729200,01-8729200,6109200,
EP & R Labpak Ltd,01-6729200,01-8729200,6109200,
TPSA,01-6729200,01-8729200,6109200,
HG & J Logistics Ltd,01-6729200,01-8729200,6109200,
EP & R Labpak Ltd,01-6729200,01-8729200,6109200,
GCanland UK (Hot Pack) Ltd,01-6729200,01-8729200,6109200,
LFakeCompany,01-6729200,01-8729200,6109200,
BEdgar Brothers,01-6729200,01-8729200,6109200,
TK2 Analysis Ltd,01-6729200,01-8729200,6109200,
RZarges (UK) Ltd,01-6729200,01-8729200,6109200,
HCAPCIS Ltd,01-6729200,01-8729200,6109200,
VHeckler & Koch,01-6729200,01-8729200,6109200,
VThe Edge Picture Co Ltd,01-6729200,01-8729200,6109200,
VNBT Ltd,01-6729200,01-8729200,6109200,
GG & M Power Plant Ltd,01-6729200,01-8729200,6109200,
IXPI Simulation Ltd,01-6729200,01-8729200,6109200,
RCaparo Dynamics,01-6729200,01-8729200,6109200,
YLaerdal Medical Ltd,01-6729200,01-8729200,6109200,
PUK Racing Castings,01-6729200,01-8729200,6109200,
DWall to Wall Communications Ltd,01-6729200,01-8729200,6109200,
FABBA Ltd,01-6729200,01-8729200,6109200,
KB.Safe Driver Training Ltd,01-6729200,01-8729200,6109200,
PQAD Networks Ltd,01-6729200,01-8729200,6109200,
WDaniamant Ltd,01-6729200,01-8729200,6109200,
MXRE Ltd,01-6729200,01-8729200,6109200,
JICA Solutions Ltd,01-6729200,01-8729200,6109200,
MVogue,01-6729200,01-8729200,6109200,
JCapital Aluminium Extrusions,01-6729200,01-8729200,6109200,
VYarl Hydracentre Ltd,01-6729200,01-8729200,6109200,
DFar-Side Marketing Ltd,01-6729200,01-8729200,6109200,
The Edge Picture Co Ltd,01-6729200,01-8729200,6109200,
PZareba Security,01-6729200,01-8729200,6109200,
QG & J Logistics Ltd,01-6729200,01-8729200,6109200,
PBabcock Design and Technology,01-6729200,01-8729200,6109200,
YTactical Coatings,01-6729200,01-8729200,6109200,
Abacus Lighting Ltd,01-6729200,01-8729200,6109200,
PLaw Enforcement International Ltd,01-6729200,01-8729200,6109200,
AYF Furniture Ltd,01-6729200,01-8729200,6109200,
OTT electronicsAB Hose & Fittings Ltd,01-6729200,01-8729200,6109200,
RCaparo Dynamics,01-6729200,01-8729200,6109200,
ZZaun Ltd,01-6729200,01-8729200,6109200,
EABBA Ltd,01-6729200,01-8729200,6109200,
PYF Furniture Ltd,01-6729200,01-8729200,6109200,
HLidl,01-6729200,01-8729200,6109200,
GIcon Polymer Ltd,01-6729200,01-8729200,6109200,
UABBA Ltd,01-6729200,01-8729200,6109200,
FTom Duffy Architects,01-6729200,01-8729200,6109200,
ASevern Trent Services Ltd,01-6729200,01-8729200,6109200,
VTesco,01-6729200,01-8729200,6109200,
BBabcock Marine,01-6729200,01-8729200,6109200,
WHawkmoor Ltd,01-6729200,01-8729200,6109200,
DBabcock Marine,01-6729200,01-8729200,6109200,
JZareba Security,01-6729200,01-8729200,6109200,
CFar-Side Marketing Ltd,01-6729200,01-8729200,6109200,
YBabcock Design and Technology,01-6729200,01-8729200,6109200,
EZaun Ltd,01-6729200,01-8729200,6109200,
FNBT Ltd,01-6729200,01-8729200,6109200,
Oakes Eddon Limited,01-6729200,01-8729200,6109200,
IFaldingworth Defence Ltd,01-6729200,01-8729200,6109200,
GIA Technology Ltd,01-6729200,01-8729200,6109200,
TAbacus Lighting Ltd,01-6729200,01-8729200,6109200,
XCapital Aluminium Extrusions,01-6729200,01-8729200,6109200,
AAB Precision (Poole) Ltd,01-6729200,01-8729200,6109200,
GQCL Ltd,01-6729200,01-8729200,6109200,
ECapital Aluminium Extrusions,01-6729200,01-8729200,6109200,
BVados Systems,01-6729200,01-8729200,6109200,
SG & M Power Plant Ltd,01-6729200,01-8729200,6109200,
DTT electronicsAB Hose & Fittings Ltd,01-6729200,01-8729200,6109200,
JQuinn,01-6729200,01-8729200,6109200,
QGSM Graphic Arts LtdAbbott & Co (Newark) Ltd,01-6729200,01-8729200,6109200,
GBabcock Integrated Technology,01-6729200,01-8729200,6109200,
VGSM Graphic Arts LtdAbbott & Co (Newark) Ltd,01-6729200,01-8729200,6109200,
DABI Electronics Ltd,01-6729200,01-8729200,6109200,
JS.Com (Defence Division),01-6729200,01-8729200,6109200,
GTactical Coatings,01-6729200,01-8729200,6109200,
ICapital Aluminium Extrusions,01-6729200,01-8729200,6109200,
FDunnes Stores,01-6729200,01-8729200,6109200,
S.Com (Defence Division),01-6729200,01-8729200,6109200,
RDales Power Solutions Ltd,01-6729200,01-8729200,6109200,
LIB Industries,01-6729200,01-8729200,6109200,
MEdge Enviro Services Ltd,01-6729200,01-8729200,6109200,
YFaldingworth Defence Ltd,01-6729200,01-8729200,6109200,
PDana Corporation,01-6729200,01-8729200,6109200,
WABI Electronics Ltd,01-6729200,01-8729200,6109200,
MCanberra UK Ltd,01-6729200,01-8729200,6109200,
OMagnum,01-6729200,01-8729200,6109200,
QDunnes Stores,01-6729200,01-8729200,6109200,
VDunnes Stores,01-6729200,01-8729200,6109200,
XYarl Hydracentre Ltd,01-6729200,01-8729200,6109200,
XBabcock International Group,01-6729200,01-8729200,6109200,
ZXJTAG,01-6729200,01-8729200,6109200,
RXRE Ltd,01-6729200,01-8729200,6109200,
CCaparo Testing Technologies,01-6729200,01-8729200,6109200,
Tactical Coatings,01-6729200,01-8729200,6109200,
PTesco,01-6729200,01-8729200,6109200,
PTom Duffy Architects,01-6729200,01-8729200,6109200,
VBabcock Design and Technology,01-6729200,01-8729200,6109200,
NBache Pallets Ltd,01-6729200,01-8729200,6109200,
BCapital International Staffing Ltd,01-6729200,01-8729200,6109200,
JIIPMM,01-6729200,01-8729200,6109200,
ZTactek Services Ltd,01-6729200,01-8729200,6109200,
LZarges (UK) Ltd,01-6729200,01-8729200,6109200,
LLaerdal Medical Ltd,01-6729200,01-8729200,6109200,
ACapital Aluminium Extrusions,01-6729200,01-8729200,6109200,
KS.Com (Defence Division),01-6729200,01-8729200,6109200,
UBabcock International Group,01-6729200,01-8729200,6109200,
VRack International,01-6729200,01-8729200,6109200,
MRack International,01-6729200,01-8729200,6109200,
YRacks Industries Ltd,01-6729200,01-8729200,6109200,
WAbacus Lighting Ltd,01-6729200,01-8729200,6109200,
JS.E.P Clyde see Clyde Fasteners Ltd,01-6729200,01-8729200,6109200,
GG & M Power Plant Ltd,01-6729200,01-8729200,6109200,
FVogue,01-6729200,01-8729200,6109200,
DB.O.B. Stevenson,01-6729200,01-8729200,6109200,
JGSM Graphic Arts LtdAbbott & Co (Newark) Ltd,01-6729200,01-8729200,6109200,
XCAPCIS Ltd,01-6729200,01-8729200,6109200,
ICapalex,01-6729200,01-8729200,6109200,
GAbacus Lighting Ltd,01-6729200,01-8729200,6109200,
AZareba Security,01-6729200,01-8729200,6109200,
XABBA Ltd,01-6729200,01-8729200,6109200,
YWallis Autogyros,01-6729200,01-8729200,6109200,
FAbacus Lighting Ltd,01-6729200,01-8729200,6109200,
AYarl Hydracentre Ltd,01-6729200,01-8729200,6109200,
RCaparo Dynamics,01-6729200,01-8729200,6109200,
XWall to Wall Communications Ltd,01-6729200,01-8729200,6109200,
FsAB Connectors Ltd,01-6729200,01-8729200,6109200,
BB.O.B. Stevenson,01-6729200,01-8729200,6109200,
PIntertek-CAPCISCape Warwick Ltd,01-6729200,01-8729200,6109200,
NYF Furniture Ltd,01-6729200,01-8729200,6109200,
SCapital Aluminium Extrusions,01-6729200,01-8729200,6109200,
BS.E.P Clyde see Clyde Fasteners Ltd,01-6729200,01-8729200,6109200,
GDana Corporation,01-6729200,01-8729200,6109200,
DCAPCIS Ltd,01-6729200,01-8729200,6109200,
RDales Power Solutions Ltd,01-6729200,01-8729200,6109200,
FTesco,01-6729200,01-8729200,6109200,
Vogue,01-6729200,01-8729200,6109200,
WEdgar Brothers,01-6729200,01-8729200,6109200,
FHawkmoor Ltd,01-6729200,01-8729200,6109200,
GCapital International Staffing Ltd,01-6729200,01-8729200,6109200,
CVados Systems,01-6729200,01-8729200,6109200,
WIIPMM,01-6729200,01-8729200,6109200,
YS2S Electronics Ltd,01-6729200,01-8729200,6109200,
UVacuum Reflex,01-6729200,01-8729200,6109200,
FRacks Industries Ltd,01-6729200,01-8729200,6109200,
XSevern Trent Services Ltd,01-6729200,01-8729200,6109200,
XAbbot Brown & Sons Ltd,01-6729200,01-8729200,6109200,
UHawkmoor Ltd,01-6729200,01-8729200,6109200,
TBabcock International Group,01-6729200,01-8729200,6109200,
CCapital Aluminium Extrusions,01-6729200,01-8729200,6109200,
OP & R Hydraulics Ltd,01-6729200,01-8729200,6109200,
HYarl Hydracentre Ltd,01-6729200,01-8729200,6109200,
XG & M Power Plant Ltd,01-6729200,01-8729200,6109200,
TNazeing Glass Works Ltd,01-6729200,01-8729200,6109200,
MCanberra UK Ltd,01-6729200,01-8729200,6109200,
OAB Precision (Poole) Ltd,01-6729200,01-8729200,6109200,
VIA Technology Ltd,01-6729200,01-8729200,6109200,
SAbbey Hose Co Ltd,01-6729200,01-8729200,6109200,
BBabcock Marine,01-6729200,01-8729200,6109200,
XSevern Trent Services Ltd,01-6729200,01-8729200,6109200,
DWallis Autogyros,01-6729200,01-8729200,6109200,
NRack International,01-6729200,01-8729200,6109200,
IXJTAG,01-6729200,01-8729200,6109200,
Candeo Vision (UK) Ltd,01-6729200,01-8729200,6109200,
BEdgar Brothers,01-6729200,01-8729200,6109200,
KCapital International Staffing Ltd,01-6729200,01-8729200,6109200,
ERacks Industries Ltd,01-6729200,01-8729200,6109200,
JS.Com (Defence Division),01-6729200,01-8729200,6109200,
DIcon Polymer Ltd,01-6729200,01-8729200,6109200,
PIntertek-CAPCISCape Warwick Ltd,01-6729200,01-8729200,6109200,
RTPSA,01-6729200,01-8729200,6109200,
PAB Electronics Assemblies,01-6729200,01-8729200,6109200,
KCapital Aluminium Extrusions,01-6729200,01-8729200,6109200,
NQCL Ltd,01-6729200,01-8729200,6109200,
FG & M Power Plant Ltd,01-6729200,01-8729200,6109200,
YVacuum Reflex,01-6729200,01-8729200,6109200,
EBabcock International Group,01-6729200,01-8729200,6109200,
HNBT Ltd,01-6729200,01-8729200,6109200,
KG & J Logistics Ltd,01-6729200,01-8729200,6109200,
YMacTaggart,01-6729200,01-8729200,6109200,
GG & J Logistics Ltd,01-6729200,01-8729200,6109200,
OAB Electronics Assemblies,01-6729200,01-8729200,6109200,
CAB Precision (Poole) Ltd,01-6729200,01-8729200,6109200,
VBabcock Design and Technology,01-6729200,01-8729200,6109200,
PMacTaggart,01-6729200,01-8729200,6109200,
FRack International,01-6729200,01-8729200,6109200,
VAbacus Lighting Ltd,01-6729200,01-8729200,6109200,
XCiroco Ltd,01-6729200,01-8729200,6109200,
DZaun Ltd,01-6729200,01-8729200,6109200,
JTom Duffy Architects,01-6729200,01-8729200,6109200,
CS.Com (Defence Division),01-6729200,01-8729200,6109200,
RMacTaggart,01-6729200,01-8729200,6109200,
AMacTaggart,01-6729200,01-8729200,6109200,
IFakeCompany,01-6729200,01-8729200,6109200,
PXJTAG,01-6729200,01-8729200,6109200,
MCineworld Ltd,01-6729200,01-8729200,6109200,
LTom Duffy Architects,01-6729200,01-8729200,6109200,
BCaparo Testing Technologies,01-6729200,01-8729200,6109200,
WDana Corporation,01-6729200,01-8729200,6109200,
JGSM Graphic Arts LtdAbbott & Co (Newark) Ltd,01-6729200,01-8729200,6109200,
MXpedite Group of Companies Ltd,01-6729200,01-8729200,6109200,
FVogue,01-6729200,01-8729200,6109200,
HLaw Enforcement International Ltd,01-6729200,01-8729200,6109200,
SJactron,01-6729200,01-8729200,6109200,
NAbbot Brown & Sons Ltd,01-6729200,01-8729200,6109200,
WCapital International Staffing Ltd,01-6729200,01-8729200,6109200,
VBabcock Integrated Technology,01-6729200,01-8729200,6109200,
UTesco,01-6729200,01-8729200,6109200,
CG & J Logistics Ltd,01-6729200,01-8729200,6109200,
XDales Power Solutions Ltd,01-6729200,01-8729200,6109200,
TS.Com (Defence Division),01-6729200,01-8729200,6109200,
IIIPMM,01-6729200,01-8729200,6109200,
FIcon Polymer Ltd,01-6729200,01-8729200,6109200,
OYarl Hydracentre Ltd,01-6729200,01-8729200,6109200,
OCapital Aluminium Extrusions,01-6729200,01-8729200,6109200,
CMacTaggart,01-6729200,01-8729200,6109200,
KHawkmoor Ltd,01-6729200,01-8729200,6109200,
FLidl,01-6729200,01-8729200,6109200,
BAbacus Lighting Ltd,01-6729200,01-8729200,6109200,
BXpedite Group of Companies Ltd,01-6729200,01-8729200,6109200,
BNB Metals Ltd,01-6729200,01-8729200,6109200,
BIntertek-CAPCISCape Warwick Ltd,01-6729200,01-8729200,6109200,
Hawkmoor Ltd,01-6729200,01-8729200,6109200,
FCiroco Ltd,01-6729200,01-8729200,6109200,
PFakeCompany,01-6729200,01-8729200,6109200,
TP & R Labpak Ltd,01-6729200,01-8729200,6109200,
SMacTaggart,01-6729200,01-8729200,6109200,
EsAB Connectors Ltd,01-6729200,01-8729200,6109200,
ECineworld Ltd,01-6729200,01-8729200,6109200,
TCanberra UK Ltd,01-6729200,01-8729200,6109200,
MCapital Aluminium Extrusions,01-6729200,01-8729200,6109200,
QIA Technology Ltd,01-6729200,01-8729200,6109200,
TTom Duffy Architects,01-6729200,01-8729200,6109200,
AMagnum,01-6729200,01-8729200,6109200,
JG & M Power Plant Ltd,01-6729200,01-8729200,6109200,
CAbbot Brown & Sons Ltd,01-6729200,01-8729200,6109200,
NJack Ellis Body Protection,01-6729200,01-8729200,6109200,
BIA Technology Ltd,01-6729200,01-8729200,6109200,
KB.Safe Driver Training Ltd,01-6729200,01-8729200,6109200,
BAbbey Hose Co Ltd,01-6729200,01-8729200,6109200,
POakes Eddon Limited,01-6729200,01-8729200,6109200,
IOakenhurst Aircraft Services Ltd,01-6729200,01-8729200,6109200,
KG & J Logistics Ltd,01-6729200,01-8729200,6109200,
NFalon Nameplates Ltd,01-6729200,01-8729200,6109200,
BWallis Autogyros,01-6729200,01-8729200,6109200,
VThe Edge Picture Co Ltd,01-6729200,01-8729200,6109200,
SIB Industries,01-6729200,01-8729200,6109200,
FFaldingworth Defence Ltd,01-6729200,01-8729200,6109200,
ODales Power Solutions Ltd,01-6729200,01-8729200,6109200,
CCaparo Testing Technologies,01-6729200,01-8729200,6109200,
NBabcock Integrated Technology,01-6729200,01-8729200,6109200,
SITV,01-6729200,01-8729200,6109200,
XFar-Side Marketing Ltd,01-6729200,01-8729200,6109200,
ECineworld Ltd,01-6729200,01-8729200,6109200,
XFalon Nameplates Ltd,01-6729200,01-8729200,6109200,
FP & R Labpak Ltd,01-6729200,01-8729200,6109200,
VNBT Ltd,01-6729200,01-8729200,6109200,
HEdgar Brothers,01-6729200,01-8729200,6109200,
KHawkmoor Ltd,01-6729200,01-8729200,6109200,
SXRE Ltd,01-6729200,01-8729200,6109200,
EIA Technology Ltd,01-6729200,01-8729200,6109200,
IAbbot Brown & Sons Ltd,01-6729200,01-8729200,6109200,
AP & R Labpak Ltd,01-6729200,01-8729200,6109200,
OG & M Power Plant Ltd,01-6729200,01-8729200,6109200,
EB.O.B. Stevenson,01-6729200,01-8729200,6109200,
NXJTAG,01-6729200,01-8729200,6109200,
KS.E.P Clyde see Clyde Fasteners Ltd,01-6729200,01-8729200,6109200,
XS.Com (Defence Division),01-6729200,01-8729200,6109200,
GOakes Eddon Limited,01-6729200,01-8729200,6109200,
HNazeing Glass Works Ltd,01-6729200,01-8729200,6109200,
XDunnes Stores,01-6729200,01-8729200,6109200,
BABBA Ltd,01-6729200,01-8729200,6109200,
YFalon Nameplates Ltd,01-6729200,01-8729200,6109200,
ICanland UK (Hot Pack) Ltd,01-6729200,01-8729200,6109200,
CHeckler & Koch,01-6729200,01-8729200,6109200,
NAardvark Clear Mine Ltd,01-6729200,01-8729200,6109200,
ZB.O.B. Stevenson,01-6729200,01-8729200,6109200,
VUK Racing Castings,01-6729200,01-8729200,6109200,
HXJTAG,01-6729200,01-8729200,6109200,
HUK National Codification Bureau,01-6729200,01-8729200,6109200,
NAbbot Brown & Sons Ltd,01-6729200,01-8729200,6109200,
P & R Labpak Ltd,01-6729200,01-8729200,6109200,
UMacTaggart,01-6729200,01-8729200,6109200,
YUK Racing Castings,01-6729200,01-8729200,6109200,
MIntertek-CAPCISCape Warwick Ltd,01-6729200,01-8729200,6109200,
JJacksons Fencing,01-6729200,01-8729200,6109200,
HB.Safe Driver Training Ltd,01-6729200,01-8729200,6109200,
YCapital Aluminium Extrusions,01-6729200,01-8729200,6109200,
IDaniamant Ltd,01-6729200,01-8729200,6109200,
JRacks Industries Ltd,01-6729200,01-8729200,6109200,
LLaw Enforcement International Ltd,01-6729200,01-8729200,6109200,
NFakeCompany,01-6729200,01-8729200,6109200,
FJactron,01-6729200,01-8729200,6109200,
CFakeCompany,01-6729200,01-8729200,6109200,
TCanland UK (Hot Pack) Ltd,01-6729200,01-8729200,6109200,
NCaparo Testing Technologies,01-6729200,01-8729200,6109200,
NNB Metals Ltd,01-6729200,01-8729200,6109200,
VMacTaggart,01-6729200,01-8729200,6109200,
CCanberra UK Ltd,01-6729200,01-8729200,6109200,
SThe Edge Picture Co Ltd,01-6729200,01-8729200,6109200,
JCapalex,01-6729200,01-8729200,6109200,
SCandeo Vision (UK) Ltd,01-6729200,01-8729200,6109200,
DRack International,01-6729200,01-8729200,6109200,
KAB Electronics Assemblies,01-6729200,01-8729200,6109200,
WCanberra UK Ltd,01-6729200,01-8729200,6109200,
DBabcock Integrated Technology,01-6729200,01-8729200,6109200,
WFar-Side Marketing Ltd,01-6729200,01-8729200,6109200,
GS2S Electronics Ltd,01-6729200,01-8729200,6109200,
DCandeo Vision (UK) Ltd,01-6729200,01-8729200,6109200,
TNBT Ltd,01-6729200,01-8729200,6109200,
TOakenhurst Aircraft Services Ltd,01-6729200,01-8729200,6109200,
CCapital International Staffing Ltd,01-6729200,01-8729200,6109200,
NIntertek-CAPCISCape Warwick Ltd,01-6729200,01-8729200,6109200,
OBabcock Integrated Technology,01-6729200,01-8729200,6109200,
VITV,01-6729200,01-8729200,6109200,
QG & J Logistics Ltd,01-6729200,01-8729200,6109200,
KTT electronicsAB Hose & Fittings Ltd,01-6729200,01-8729200,6109200,
OHawkmoor Ltd,01-6729200,01-8729200,6109200,
TOakes Eddon Limited,01-6729200,01-8729200,6109200,
NDales Power Solutions Ltd,01-6729200,01-8729200,6109200,
HAbacus Lighting Ltd,01-6729200,01-8729200,6109200,
QDunnes Stores,01-6729200,01-8729200,6109200,
IsAB Connectors Ltd,01-6729200,01-8729200,6109200,
DIcon Polymer Ltd,01-6729200,01-8729200,6109200,
MRack International,01-6729200,01-8729200,6109200,
CDales Power Solutions Ltd,01-6729200,01-8729200,6109200,
LTom Duffy Architects,01-6729200,01-8729200,6109200,
JCAPCIS Ltd,01-6729200,01-8729200,6109200,
AICA Solutions Ltd,01-6729200,01-8729200,6109200,
EIA Technology Ltd,01-6729200,01-8729200,6109200,
XTesco,01-6729200,01-8729200,6109200,
ZAB Electronics Assemblies,01-6729200,01-8729200,6109200,
DITV,01-6729200,01-8729200,6109200,
XsAB Connectors Ltd,01-6729200,01-8729200,6109200,
YAbacus Lighting Ltd,01-6729200,01-8729200,6109200,
LIB Industries,01-6729200,01-8729200,6109200,
XWall to Wall Communications Ltd,01-6729200,01-8729200,6109200,
GRacks Industries Ltd,01-6729200,01-8729200,6109200,
SThe Edge Picture Co Ltd,01-6729200,01-8729200,6109200,
OCapital International Staffing Ltd,01-6729200,01-8729200,6109200,
BZaggora,01-6729200,01-8729200,6109200,
XZareba Security,01-6729200,01-8729200,6109200,
CZaggora,01-6729200,01-8729200,6109200,
KZaggora,01-6729200,01-8729200,6109200,
WKaba Ltd,01-6729200,01-8729200,6109200,
LBabcock International Group,01-6729200,01-8729200,6109200,
ATPSA,01-6729200,01-8729200,6109200,
XEdge Enviro Services Ltd,01-6729200,01-8729200,6109200,
HTactek Services Ltd,01-6729200,01-8729200,6109200,
Jacksons Fencing,01-6729200,01-8729200,6109200,
ZWallis Autogyros,01-6729200,01-8729200,6109200,
VG & J Logistics Ltd,01-6729200,01-8729200,6109200,
RBabcock Integrated Technology,01-6729200,01-8729200,6109200,
ATactical Coatings,01-6729200,01-8729200,6109200,
NCaparo Dynamics,01-6729200,01-8729200,6109200,
QAbbey Hose Co Ltd,01-6729200,01-8729200,6109200,
QB.O.B. Stevenson,01-6729200,01-8729200,6109200,
IQuinn,01-6729200,01-8729200,6109200,
DZaggora,01-6729200,01-8729200,6109200,
UEdge Enviro Services Ltd,01-6729200,01-8729200,6109200,
GB.O.B. Stevenson,01-6729200,01-8729200,6109200,
INBT Ltd,01-6729200,01-8729200,6109200,
KXJTAG,01-6729200,01-8729200,6109200,
FBabcock Marine,01-6729200,01-8729200,6109200,
JAB Precision (Poole) Ltd,01-6729200,01-8729200,6109200,
RXRE Ltd,01-6729200,01-8729200,6109200,
BNBT Ltd,01-6729200,01-8729200,6109200,
BRacks Industries Ltd,01-6729200,01-8729200,6109200,
VCapital Aluminium Extrusions,01-6729200,01-8729200,6109200,
OTactek Services Ltd,01-6729200,01-8729200,6109200,
GVados Systems,01-6729200,01-8729200,6109200,
XZarges (UK) Ltd,01-6729200,01-8729200,6109200,
RVacuum Reflex,01-6729200,01-8729200,6109200,
EAbbey Hose Co Ltd,01-6729200,01-8729200,6109200,
LTactek Services Ltd,01-6729200,01-8729200,6109200,
UMacTaggart,01-6729200,01-8729200,6109200,
DDales Power Solutions Ltd,01-6729200,01-8729200,6109200,
LCapalex,01-6729200,01-8729200,6109200,
NCanland UK (Hot Pack) Ltd,01-6729200,01-8729200,6109200,
RB.O.B. Stevenson,01-6729200,01-8729200,6109200,
WJacksons Fencing,01-6729200,01-8729200,6109200,
WDunnes Stores,01-6729200,01-8729200,6109200,
KYarl Hydracentre Ltd,01-6729200,01-8729200,6109200,
Zarges (UK) Ltd,01-6729200,01-8729200,6109200,
GDales Power Solutions Ltd,01-6729200,01-8729200,6109200,
JCapalex,01-6729200,01-8729200,6109200,
MOakes Eddon Limited,01-6729200,01-8729200,6109200,
LVacuum Reflex,01-6729200,01-8729200,6109200,
LZareba Security,01-6729200,01-8729200,6109200,
OZaun Ltd,01-6729200,01-8729200,6109200,
UOakenhurst Aircraft Services Ltd,01-6729200,01-8729200,6109200,
GCanland UK (Hot Pack) Ltd,01-6729200,01-8729200,6109200,
BNazeing Glass Works Ltd,01-6729200,01-8729200,6109200,
WP & R Hydraulics Ltd,01-6729200,01-8729200,6109200,
IAB Electronics Assemblies,01-6729200,01-8729200,6109200,
NTesco,01-6729200,01-8729200,6109200,
LZaggora,01-6729200,01-8729200,6109200,
Canland UK (Hot Pack) Ltd,01-6729200,01-8729200,6109200,
HBabcock Marine,01-6729200,01-8729200,6109200,
JCapital International Staffing Ltd,01-6729200,01-8729200,6109200,
SIcon Polymer Ltd,01-6729200,01-8729200,6109200,
MFaldingworth Defence Ltd,01-6729200,01-8729200,6109200,
IB.Safe Driver Training Ltd,01-6729200,01-8729200,6109200,
VXRE Ltd,01-6729200,01-8729200,6109200,
RNBT Ltd,01-6729200,01-8729200,6109200,
QBabcock Integrated Technology,01-6729200,01-8729200,6109200,
LCapital Aluminium Extrusions,01-6729200,01-8729200,6109200,
DThe Edge Picture Co Ltd,01-6729200,01-8729200,6109200,
SAB Precision (Poole) Ltd,01-6729200,01-8729200,6109200,
NTesco,01-6729200,01-8729200,6109200,
DHeckler & Koch,01-6729200,01-8729200,6109200,
XLidl,01-6729200,01-8729200,6109200,
QQCL Ltd,01-6729200,01-8729200,6109200,
EWallis Autogyros,01-6729200,01-8729200,6109200,
WJacksons Fencing,01-6729200,01-8729200,6109200,
LZaun Ltd,01-6729200,01-8729200,6109200,
QICA Solutions Ltd,01-6729200,01-8729200,6109200,
YAbbey Hose Co Ltd,01-6729200,01-8729200,6109200,
PYarl Hydracentre Ltd,01-6729200,01-8729200,6109200,
VS.Com (Defence Division),01-6729200,01-8729200,6109200,
FNBT Ltd,01-6729200,01-8729200,6109200,
TAbbot Brown & Sons Ltd,01-6729200,01-8729200,6109200,
BFar-Side Marketing Ltd,01-6729200,01-8729200,6109200,
UMacTaggart,01-6729200,01-8729200,6109200,
PHawkmoor Ltd,01-6729200,01-8729200,6109200,
YFakeCompany,01-6729200,01-8729200,6109200,
NRacks Industries Ltd,01-6729200,01-8729200,6109200,
LOakes Eddon Limited,01-6729200,01-8729200,6109200,
ZK2 Analysis Ltd,01-6729200,01-8729200,6109200,
NAB Electronics Assemblies,01-6729200,01-8729200,6109200,
ZFar-Side Marketing Ltd,01-6729200,01-8729200,6109200,
YZarges (UK) Ltd,01-6729200,01-8729200,6109200,
MQAD Networks Ltd,01-6729200,01-8729200,6109200,
KFakeCompany,01-6729200,01-8729200,6109200,
ODales Power Solutions Ltd,01-6729200,01-8729200,6109200,
QVados Systems,01-6729200,01-8729200,6109200,
UB.Safe Driver Training Ltd,01-6729200,01-8729200,6109200,
BVacuum Reflex,01-6729200,01-8729200,6109200,
GCanland UK (Hot Pack) Ltd,01-6729200,01-8729200,6109200,
ACaparo Dynamics,01-6729200,01-8729200,6109200,
FDunnes Stores,01-6729200,01-8729200,6109200,
AXPI Simulation Ltd,01-6729200,01-8729200,6109200,
VYF Furniture Ltd,01-6729200,01-8729200,6109200,
SMacTaggart,01-6729200,01-8729200,6109200,
TMacTaggart,01-6729200,01-8729200,6109200,
ZXRE Ltd,01-6729200,01-8729200,6109200,
BWallis Autogyros,01-6729200,01-8729200,6109200,
MEdgar Brothers,01-6729200,01-8729200,6109200,
HCaparo Testing Technologies,01-6729200,01-8729200,6109200,
CZaun Ltd,01-6729200,01-8729200,6109200,
RCanberra UK Ltd,01-6729200,01-8729200,6109200,
LLidl,01-6729200,01-8729200,6109200,
UCapital Controls Ltd,01-6729200,01-8729200,6109200,
ZNB Metals Ltd,01-6729200,01-8729200,6109200,
GSM Graphic Arts LtdAbbott & Co (Newark) Ltd,01-6729200,01-8729200,6109200,
QBache Pallets Ltd,01-6729200,01-8729200,6109200,
SKaba Ltd,01-6729200,01-8729200,6109200,
HBabcock Integrated Technology,01-6729200,01-8729200,6109200,
QIB Industries,01-6729200,01-8729200,6109200,
PNBT Ltd,01-6729200,01-8729200,6109200,
HZaggora,01-6729200,01-8729200,6109200,
NQAD Networks Ltd,01-6729200,01-8729200,6109200,
GXJTAG,01-6729200,01-8729200,6109200,
EICA Solutions Ltd,01-6729200,01-8729200,6109200,
UAardvark Clear Mine Ltd,01-6729200,01-8729200,6109200,
IWallis Autogyros,01-6729200,01-8729200,6109200,
ZMacTaggart,01-6729200,01-8729200,6109200,
ATPSA,01-6729200,01-8729200,6109200,
ZZarges (UK) Ltd,01-6729200,01-8729200,6109200,
QCapital International Staffing Ltd,01-6729200,01-8729200,6109200,
FAbbot Brown & Sons Ltd,01-6729200,01-8729200,6109200,
OZarges (UK) Ltd,01-6729200,01-8729200,6109200,
OVados Systems,01-6729200,01-8729200,6109200,
DAB Electronics Assemblies,01-6729200,01-8729200,6109200,
BQAD Networks Ltd,01-6729200,01-8729200,6109200,
SXRE Ltd,01-6729200,01-8729200,6109200,
EZaggora,01-6729200,01-8729200,6109200,
Wallis Autogyros,01-6729200,01-8729200,6109200,
PIntertek-CAPCISCape Warwick Ltd,01-6729200,01-8729200,6109200,
WRacks Industries Ltd,01-6729200,01-8729200,6109200,
SSevern Trent Services Ltd,01-6729200,01-8729200,6109200,
Capital Controls Ltd,01-6729200,01-8729200,6109200,
FKaba Ltd,01-6729200,01-8729200,6109200,
P & R Labpak Ltd,01-6729200,01-8729200,6109200,
YP & R Hydraulics Ltd,01-6729200,01-8729200,6109200,
SITV,01-6729200,01-8729200,6109200,
MICA Solutions Ltd,01-6729200,01-8729200,6109200,
IDunnes Stores,01-6729200,01-8729200,6109200,
LCapital Controls Ltd,01-6729200,01-8729200,6109200,
FZaun Ltd,01-6729200,01-8729200,6109200,
TYF Furniture Ltd,01-6729200,01-8729200,6109200,
OMagnum,01-6729200,01-8729200,6109200,
HYF Furniture Ltd,01-6729200,01-8729200,6109200,
ZNazeing Glass Works Ltd,01-6729200,01-8729200,6109200,
PDunnes Stores,01-6729200,01-8729200,6109200,
BLaerdal Medical Ltd,01-6729200,01-8729200,6109200,
JFalon Nameplates Ltd,01-6729200,01-8729200,6109200,
TGSM Graphic Arts LtdAbbott & Co (Newark) Ltd,01-6729200,01-8729200,6109200,
PB.O.B. Stevenson,01-6729200,01-8729200,6109200,
KZareba Security,01-6729200,01-8729200,6109200,
EP & R Labpak Ltd,01-6729200,01-8729200,6109200,
ZRacks Industries Ltd,01-6729200,01-8729200,6109200,
BTom Duffy Architects,01-6729200,01-8729200,6109200,
UFakeCompany,01-6729200,01-8729200,6109200,
YABI Electronics Ltd,01-6729200,01-8729200,6109200,
OWallis Autogyros,01-6729200,01-8729200,6109200,